{"cameraMode":{"drawMode":0,"name":"Shaded","section":"Shading Mode"},"sceneLighting":false,"audioPlay":false,"sceneViewState":{"showFog":true,"showMaterialUpdate":false,"showSkybox":false,"showFlares":true,"showImageEffects":true,"showParticleSystems":true},"in2DMode":false,"pivot":{"x":17.090465545654298,"y":-32.70399475097656,"z":-32.18263244628906},"rotation":{"x":0.46454572677612307,"y":-0.023907532915472986,"z":0.012550834566354752,"w":0.8851447701454163},"size":2568.562255859375,"orthographic":false}